patch,report
unchecked_low_level_calls/0xe894d54dca59cb53fe9cbc5155093605c7068220/0xe894d54dca59cb53fe9cbc5155093605c7068220_4round.sol,unchecked_low_level_calls/0xe894d54dca59cb53fe9cbc5155093605c7068220/0xe894d54dca59cb53fe9cbc5155093605c7068220_4round_vulns_Medium.json
unchecked_low_level_calls/0xe894d54dca59cb53fe9cbc5155093605c7068220/0xe894d54dca59cb53fe9cbc5155093605c7068220_2round.sol,unchecked_low_level_calls/0xe894d54dca59cb53fe9cbc5155093605c7068220/0xe894d54dca59cb53fe9cbc5155093605c7068220_2round_vulns_Medium.json
unchecked_low_level_calls/0xe894d54dca59cb53fe9cbc5155093605c7068220/0xe894d54dca59cb53fe9cbc5155093605c7068220_1round.sol,unchecked_low_level_calls/0xe894d54dca59cb53fe9cbc5155093605c7068220/0xe894d54dca59cb53fe9cbc5155093605c7068220_1round_vulns_Medium.json
unchecked_low_level_calls/0xe894d54dca59cb53fe9cbc5155093605c7068220/0xe894d54dca59cb53fe9cbc5155093605c7068220_3round.sol,unchecked_low_level_calls/0xe894d54dca59cb53fe9cbc5155093605c7068220/0xe894d54dca59cb53fe9cbc5155093605c7068220_3round_vulns_Medium.json
unchecked_low_level_calls/0x958a8f594101d2c0485a52319f29b2647f2ebc06/0x958a8f594101d2c0485a52319f29b2647f2ebc06_1round.sol,unchecked_low_level_calls/0x958a8f594101d2c0485a52319f29b2647f2ebc06/0x958a8f594101d2c0485a52319f29b2647f2ebc06_1round_vulns_Medium.json
unchecked_low_level_calls/0x958a8f594101d2c0485a52319f29b2647f2ebc06/0x958a8f594101d2c0485a52319f29b2647f2ebc06_4round.sol,unchecked_low_level_calls/0x958a8f594101d2c0485a52319f29b2647f2ebc06/0x958a8f594101d2c0485a52319f29b2647f2ebc06_4round_vulns_Medium.json
unchecked_low_level_calls/0x958a8f594101d2c0485a52319f29b2647f2ebc06/0x958a8f594101d2c0485a52319f29b2647f2ebc06_2round.sol,unchecked_low_level_calls/0x958a8f594101d2c0485a52319f29b2647f2ebc06/0x958a8f594101d2c0485a52319f29b2647f2ebc06_2round_vulns_Medium.json
unchecked_low_level_calls/0x4b71ad9c1a84b9b643aa54fdd66e2dec96e8b152/0x4b71ad9c1a84b9b643aa54fdd66e2dec96e8b152_2round.sol,unchecked_low_level_calls/0x4b71ad9c1a84b9b643aa54fdd66e2dec96e8b152/0x4b71ad9c1a84b9b643aa54fdd66e2dec96e8b152_2round_vulns_Medium.json
unchecked_low_level_calls/0x4b71ad9c1a84b9b643aa54fdd66e2dec96e8b152/0x4b71ad9c1a84b9b643aa54fdd66e2dec96e8b152_3round.sol,unchecked_low_level_calls/0x4b71ad9c1a84b9b643aa54fdd66e2dec96e8b152/0x4b71ad9c1a84b9b643aa54fdd66e2dec96e8b152_3round_vulns_Medium.json
unchecked_low_level_calls/0x4b71ad9c1a84b9b643aa54fdd66e2dec96e8b152/0x4b71ad9c1a84b9b643aa54fdd66e2dec96e8b152_1round.sol,unchecked_low_level_calls/0x4b71ad9c1a84b9b643aa54fdd66e2dec96e8b152/0x4b71ad9c1a84b9b643aa54fdd66e2dec96e8b152_1round_vulns_Medium.json
unchecked_low_level_calls/0x4b71ad9c1a84b9b643aa54fdd66e2dec96e8b152/0x4b71ad9c1a84b9b643aa54fdd66e2dec96e8b152_4round.sol,unchecked_low_level_calls/0x4b71ad9c1a84b9b643aa54fdd66e2dec96e8b152/0x4b71ad9c1a84b9b643aa54fdd66e2dec96e8b152_4round_vulns_Medium.json
unchecked_low_level_calls/0xf29ebe930a539a60279ace72c707cba851a57707/0xf29ebe930a539a60279ace72c707cba851a57707_1round.sol,unchecked_low_level_calls/0xf29ebe930a539a60279ace72c707cba851a57707/0xf29ebe930a539a60279ace72c707cba851a57707_1round_vulns_Medium.json
unchecked_low_level_calls/0xf29ebe930a539a60279ace72c707cba851a57707/0xf29ebe930a539a60279ace72c707cba851a57707_2round.sol,unchecked_low_level_calls/0xf29ebe930a539a60279ace72c707cba851a57707/0xf29ebe930a539a60279ace72c707cba851a57707_2round_vulns_Medium.json
unchecked_low_level_calls/0xf29ebe930a539a60279ace72c707cba851a57707/0xf29ebe930a539a60279ace72c707cba851a57707_3round.sol,unchecked_low_level_calls/0xf29ebe930a539a60279ace72c707cba851a57707/0xf29ebe930a539a60279ace72c707cba851a57707_3round_vulns_Medium.json
unchecked_low_level_calls/0xf29ebe930a539a60279ace72c707cba851a57707/0xf29ebe930a539a60279ace72c707cba851a57707_4round.sol,unchecked_low_level_calls/0xf29ebe930a539a60279ace72c707cba851a57707/0xf29ebe930a539a60279ace72c707cba851a57707_4round_vulns_Medium.json
unchecked_low_level_calls/0xb11b2fed6c9354f7aa2f658d3b4d7b31d8a13b77/0xb11b2fed6c9354f7aa2f658d3b4d7b31d8a13b77_4round.sol,unchecked_low_level_calls/0xb11b2fed6c9354f7aa2f658d3b4d7b31d8a13b77/0xb11b2fed6c9354f7aa2f658d3b4d7b31d8a13b77_4round_vulns_Medium.json
unchecked_low_level_calls/0xb11b2fed6c9354f7aa2f658d3b4d7b31d8a13b77/0xb11b2fed6c9354f7aa2f658d3b4d7b31d8a13b77_2round.sol,unchecked_low_level_calls/0xb11b2fed6c9354f7aa2f658d3b4d7b31d8a13b77/0xb11b2fed6c9354f7aa2f658d3b4d7b31d8a13b77_2round_vulns_Medium.json
unchecked_low_level_calls/0xb11b2fed6c9354f7aa2f658d3b4d7b31d8a13b77/0xb11b2fed6c9354f7aa2f658d3b4d7b31d8a13b77_3round.sol,unchecked_low_level_calls/0xb11b2fed6c9354f7aa2f658d3b4d7b31d8a13b77/0xb11b2fed6c9354f7aa2f658d3b4d7b31d8a13b77_3round_vulns_Medium.json
unchecked_low_level_calls/0xb11b2fed6c9354f7aa2f658d3b4d7b31d8a13b77/0xb11b2fed6c9354f7aa2f658d3b4d7b31d8a13b77_1round.sol,unchecked_low_level_calls/0xb11b2fed6c9354f7aa2f658d3b4d7b31d8a13b77/0xb11b2fed6c9354f7aa2f658d3b4d7b31d8a13b77_1round_vulns_Medium.json
unchecked_low_level_calls/0xa1fceeff3acc57d257b917e30c4df661401d6431/0xa1fceeff3acc57d257b917e30c4df661401d6431_2round.sol,unchecked_low_level_calls/0xa1fceeff3acc57d257b917e30c4df661401d6431/0xa1fceeff3acc57d257b917e30c4df661401d6431_2round_vulns_Medium.json
unchecked_low_level_calls/0xa1fceeff3acc57d257b917e30c4df661401d6431/0xa1fceeff3acc57d257b917e30c4df661401d6431_3round.sol,unchecked_low_level_calls/0xa1fceeff3acc57d257b917e30c4df661401d6431/0xa1fceeff3acc57d257b917e30c4df661401d6431_3round_vulns_Medium.json
unchecked_low_level_calls/0xa1fceeff3acc57d257b917e30c4df661401d6431/0xa1fceeff3acc57d257b917e30c4df661401d6431_4round.sol,unchecked_low_level_calls/0xa1fceeff3acc57d257b917e30c4df661401d6431/0xa1fceeff3acc57d257b917e30c4df661401d6431_4round_vulns_Medium.json
unchecked_low_level_calls/0xa1fceeff3acc57d257b917e30c4df661401d6431/0xa1fceeff3acc57d257b917e30c4df661401d6431_1round.sol,unchecked_low_level_calls/0xa1fceeff3acc57d257b917e30c4df661401d6431/0xa1fceeff3acc57d257b917e30c4df661401d6431_1round_vulns_Medium.json
unchecked_low_level_calls/0x19cf8481ea15427a98ba3cdd6d9e14690011ab10/0x19cf8481ea15427a98ba3cdd6d9e14690011ab10_4round.sol,unchecked_low_level_calls/0x19cf8481ea15427a98ba3cdd6d9e14690011ab10/0x19cf8481ea15427a98ba3cdd6d9e14690011ab10_4round_vulns_Medium.json
unchecked_low_level_calls/0x19cf8481ea15427a98ba3cdd6d9e14690011ab10/0x19cf8481ea15427a98ba3cdd6d9e14690011ab10_3round.sol,unchecked_low_level_calls/0x19cf8481ea15427a98ba3cdd6d9e14690011ab10/0x19cf8481ea15427a98ba3cdd6d9e14690011ab10_3round_vulns_Medium.json
unchecked_low_level_calls/0x78c2a1e91b52bca4130b6ed9edd9fbcfd4671c37/0x78c2a1e91b52bca4130b6ed9edd9fbcfd4671c37_1round.sol,unchecked_low_level_calls/0x78c2a1e91b52bca4130b6ed9edd9fbcfd4671c37/0x78c2a1e91b52bca4130b6ed9edd9fbcfd4671c37_1round_vulns_Medium.json
unchecked_low_level_calls/0x3a0e9acd953ffc0dd18d63603488846a6b8b2b01/0x3a0e9acd953ffc0dd18d63603488846a6b8b2b01_1round.sol,unchecked_low_level_calls/0x3a0e9acd953ffc0dd18d63603488846a6b8b2b01/0x3a0e9acd953ffc0dd18d63603488846a6b8b2b01_1round_vulns_Medium.json
unchecked_low_level_calls/0x9d06cbafa865037a01d322d3f4222fa3e04e5488/0x9d06cbafa865037a01d322d3f4222fa3e04e5488_1round.sol,unchecked_low_level_calls/0x9d06cbafa865037a01d322d3f4222fa3e04e5488/0x9d06cbafa865037a01d322d3f4222fa3e04e5488_1round_vulns_Medium.json
unchecked_low_level_calls/0x9d06cbafa865037a01d322d3f4222fa3e04e5488/0x9d06cbafa865037a01d322d3f4222fa3e04e5488_3round.sol,unchecked_low_level_calls/0x9d06cbafa865037a01d322d3f4222fa3e04e5488/0x9d06cbafa865037a01d322d3f4222fa3e04e5488_3round_vulns_Medium.json
unchecked_low_level_calls/0x9d06cbafa865037a01d322d3f4222fa3e04e5488/0x9d06cbafa865037a01d322d3f4222fa3e04e5488_4round.sol,unchecked_low_level_calls/0x9d06cbafa865037a01d322d3f4222fa3e04e5488/0x9d06cbafa865037a01d322d3f4222fa3e04e5488_4round_vulns_Medium.json
unchecked_low_level_calls/0x9d06cbafa865037a01d322d3f4222fa3e04e5488/0x9d06cbafa865037a01d322d3f4222fa3e04e5488_2round.sol,unchecked_low_level_calls/0x9d06cbafa865037a01d322d3f4222fa3e04e5488/0x9d06cbafa865037a01d322d3f4222fa3e04e5488_2round_vulns_Medium.json
unchecked_low_level_calls/0xbebbfe5b549f5db6e6c78ca97cac19d1fb03082c/0xbebbfe5b549f5db6e6c78ca97cac19d1fb03082c_2round.sol,unchecked_low_level_calls/0xbebbfe5b549f5db6e6c78ca97cac19d1fb03082c/0xbebbfe5b549f5db6e6c78ca97cac19d1fb03082c_2round_vulns_Medium.json
unchecked_low_level_calls/0xbebbfe5b549f5db6e6c78ca97cac19d1fb03082c/0xbebbfe5b549f5db6e6c78ca97cac19d1fb03082c_4round.sol,unchecked_low_level_calls/0xbebbfe5b549f5db6e6c78ca97cac19d1fb03082c/0xbebbfe5b549f5db6e6c78ca97cac19d1fb03082c_4round_vulns_Medium.json
unchecked_low_level_calls/0xbebbfe5b549f5db6e6c78ca97cac19d1fb03082c/0xbebbfe5b549f5db6e6c78ca97cac19d1fb03082c_1round.sol,unchecked_low_level_calls/0xbebbfe5b549f5db6e6c78ca97cac19d1fb03082c/0xbebbfe5b549f5db6e6c78ca97cac19d1fb03082c_1round_vulns_Medium.json
unchecked_low_level_calls/0xbebbfe5b549f5db6e6c78ca97cac19d1fb03082c/0xbebbfe5b549f5db6e6c78ca97cac19d1fb03082c_3round.sol,unchecked_low_level_calls/0xbebbfe5b549f5db6e6c78ca97cac19d1fb03082c/0xbebbfe5b549f5db6e6c78ca97cac19d1fb03082c_3round_vulns_Medium.json
unchecked_low_level_calls/0xbaa3de6504690efb064420d89e871c27065cdd52/0xbaa3de6504690efb064420d89e871c27065cdd52_1round.sol,unchecked_low_level_calls/0xbaa3de6504690efb064420d89e871c27065cdd52/0xbaa3de6504690efb064420d89e871c27065cdd52_1round_vulns_Medium.json
unchecked_low_level_calls/0xbaa3de6504690efb064420d89e871c27065cdd52/0xbaa3de6504690efb064420d89e871c27065cdd52_3round.sol,unchecked_low_level_calls/0xbaa3de6504690efb064420d89e871c27065cdd52/0xbaa3de6504690efb064420d89e871c27065cdd52_3round_vulns_Medium.json
unchecked_low_level_calls/0xbaa3de6504690efb064420d89e871c27065cdd52/0xbaa3de6504690efb064420d89e871c27065cdd52_2round.sol,unchecked_low_level_calls/0xbaa3de6504690efb064420d89e871c27065cdd52/0xbaa3de6504690efb064420d89e871c27065cdd52_2round_vulns_Medium.json
unchecked_low_level_calls/0xbaa3de6504690efb064420d89e871c27065cdd52/0xbaa3de6504690efb064420d89e871c27065cdd52_4round.sol,unchecked_low_level_calls/0xbaa3de6504690efb064420d89e871c27065cdd52/0xbaa3de6504690efb064420d89e871c27065cdd52_4round_vulns_Medium.json
unchecked_low_level_calls/0x0cbe050f75bc8f8c2d6c0d249fea125fd6e1acc9/0x0cbe050f75bc8f8c2d6c0d249fea125fd6e1acc9_1round.sol,unchecked_low_level_calls/0x0cbe050f75bc8f8c2d6c0d249fea125fd6e1acc9/0x0cbe050f75bc8f8c2d6c0d249fea125fd6e1acc9_1round_vulns_Medium.json
unchecked_low_level_calls/0x0cbe050f75bc8f8c2d6c0d249fea125fd6e1acc9/0x0cbe050f75bc8f8c2d6c0d249fea125fd6e1acc9_2round.sol,unchecked_low_level_calls/0x0cbe050f75bc8f8c2d6c0d249fea125fd6e1acc9/0x0cbe050f75bc8f8c2d6c0d249fea125fd6e1acc9_2round_vulns_Medium.json
unchecked_low_level_calls/0x0cbe050f75bc8f8c2d6c0d249fea125fd6e1acc9/0x0cbe050f75bc8f8c2d6c0d249fea125fd6e1acc9_3round.sol,unchecked_low_level_calls/0x0cbe050f75bc8f8c2d6c0d249fea125fd6e1acc9/0x0cbe050f75bc8f8c2d6c0d249fea125fd6e1acc9_3round_vulns_Medium.json
unchecked_low_level_calls/0x0cbe050f75bc8f8c2d6c0d249fea125fd6e1acc9/0x0cbe050f75bc8f8c2d6c0d249fea125fd6e1acc9_4round.sol,unchecked_low_level_calls/0x0cbe050f75bc8f8c2d6c0d249fea125fd6e1acc9/0x0cbe050f75bc8f8c2d6c0d249fea125fd6e1acc9_4round_vulns_Medium.json
unchecked_low_level_calls/mishandled/mishandled_2round.sol,unchecked_low_level_calls/mishandled/mishandled_2round_vulns_Medium.json
unchecked_low_level_calls/mishandled/mishandled_3round.sol,unchecked_low_level_calls/mishandled/mishandled_3round_vulns_Medium.json
unchecked_low_level_calls/mishandled/mishandled_1round.sol,unchecked_low_level_calls/mishandled/mishandled_1round_vulns_Medium.json
unchecked_low_level_calls/mishandled/mishandled_4round.sol,unchecked_low_level_calls/mishandled/mishandled_4round_vulns_Medium.json
unchecked_low_level_calls/0xb37f18af15bafb869a065b61fc83cfc44ed9cc27/0xb37f18af15bafb869a065b61fc83cfc44ed9cc27_1round.sol,unchecked_low_level_calls/0xb37f18af15bafb869a065b61fc83cfc44ed9cc27/0xb37f18af15bafb869a065b61fc83cfc44ed9cc27_1round_vulns_Medium.json
unchecked_low_level_calls/0xb37f18af15bafb869a065b61fc83cfc44ed9cc27/0xb37f18af15bafb869a065b61fc83cfc44ed9cc27_4round.sol,unchecked_low_level_calls/0xb37f18af15bafb869a065b61fc83cfc44ed9cc27/0xb37f18af15bafb869a065b61fc83cfc44ed9cc27_4round_vulns_Medium.json
unchecked_low_level_calls/0xb37f18af15bafb869a065b61fc83cfc44ed9cc27/0xb37f18af15bafb869a065b61fc83cfc44ed9cc27_2round.sol,unchecked_low_level_calls/0xb37f18af15bafb869a065b61fc83cfc44ed9cc27/0xb37f18af15bafb869a065b61fc83cfc44ed9cc27_2round_vulns_Medium.json
unchecked_low_level_calls/0xb37f18af15bafb869a065b61fc83cfc44ed9cc27/0xb37f18af15bafb869a065b61fc83cfc44ed9cc27_3round.sol,unchecked_low_level_calls/0xb37f18af15bafb869a065b61fc83cfc44ed9cc27/0xb37f18af15bafb869a065b61fc83cfc44ed9cc27_3round_vulns_Medium.json
unchecked_low_level_calls/0x4051334adc52057aca763453820cb0e045076ef3/0x4051334adc52057aca763453820cb0e045076ef3_2round.sol,unchecked_low_level_calls/0x4051334adc52057aca763453820cb0e045076ef3/0x4051334adc52057aca763453820cb0e045076ef3_2round_vulns_Medium.json
unchecked_low_level_calls/0x4051334adc52057aca763453820cb0e045076ef3/0x4051334adc52057aca763453820cb0e045076ef3_4round.sol,unchecked_low_level_calls/0x4051334adc52057aca763453820cb0e045076ef3/0x4051334adc52057aca763453820cb0e045076ef3_4round_vulns_Medium.json
unchecked_low_level_calls/0x4051334adc52057aca763453820cb0e045076ef3/0x4051334adc52057aca763453820cb0e045076ef3_3round.sol,unchecked_low_level_calls/0x4051334adc52057aca763453820cb0e045076ef3/0x4051334adc52057aca763453820cb0e045076ef3_3round_vulns_Medium.json
unchecked_low_level_calls/0x4051334adc52057aca763453820cb0e045076ef3/0x4051334adc52057aca763453820cb0e045076ef3_1round.sol,unchecked_low_level_calls/0x4051334adc52057aca763453820cb0e045076ef3/0x4051334adc52057aca763453820cb0e045076ef3_1round_vulns_Medium.json
unchecked_low_level_calls/0xb7c5c5aa4d42967efe906e1b66cb8df9cebf04f7/0xb7c5c5aa4d42967efe906e1b66cb8df9cebf04f7_2round.sol,unchecked_low_level_calls/0xb7c5c5aa4d42967efe906e1b66cb8df9cebf04f7/0xb7c5c5aa4d42967efe906e1b66cb8df9cebf04f7_2round_vulns_Medium.json
unchecked_low_level_calls/0xb7c5c5aa4d42967efe906e1b66cb8df9cebf04f7/0xb7c5c5aa4d42967efe906e1b66cb8df9cebf04f7_4round.sol,unchecked_low_level_calls/0xb7c5c5aa4d42967efe906e1b66cb8df9cebf04f7/0xb7c5c5aa4d42967efe906e1b66cb8df9cebf04f7_4round_vulns_Medium.json
unchecked_low_level_calls/0xb7c5c5aa4d42967efe906e1b66cb8df9cebf04f7/0xb7c5c5aa4d42967efe906e1b66cb8df9cebf04f7_3round.sol,unchecked_low_level_calls/0xb7c5c5aa4d42967efe906e1b66cb8df9cebf04f7/0xb7c5c5aa4d42967efe906e1b66cb8df9cebf04f7_3round_vulns_Medium.json
unchecked_low_level_calls/0xb7c5c5aa4d42967efe906e1b66cb8df9cebf04f7/0xb7c5c5aa4d42967efe906e1b66cb8df9cebf04f7_1round.sol,unchecked_low_level_calls/0xb7c5c5aa4d42967efe906e1b66cb8df9cebf04f7/0xb7c5c5aa4d42967efe906e1b66cb8df9cebf04f7_1round_vulns_Medium.json
unchecked_low_level_calls/0x610495793564aed0f9c7fc48dc4c7c9151d34fd6/0x610495793564aed0f9c7fc48dc4c7c9151d34fd6_3round.sol,unchecked_low_level_calls/0x610495793564aed0f9c7fc48dc4c7c9151d34fd6/0x610495793564aed0f9c7fc48dc4c7c9151d34fd6_3round_vulns_Medium.json
unchecked_low_level_calls/0x610495793564aed0f9c7fc48dc4c7c9151d34fd6/0x610495793564aed0f9c7fc48dc4c7c9151d34fd6_1round.sol,unchecked_low_level_calls/0x610495793564aed0f9c7fc48dc4c7c9151d34fd6/0x610495793564aed0f9c7fc48dc4c7c9151d34fd6_1round_vulns_Medium.json
unchecked_low_level_calls/0x610495793564aed0f9c7fc48dc4c7c9151d34fd6/0x610495793564aed0f9c7fc48dc4c7c9151d34fd6_4round.sol,unchecked_low_level_calls/0x610495793564aed0f9c7fc48dc4c7c9151d34fd6/0x610495793564aed0f9c7fc48dc4c7c9151d34fd6_4round_vulns_Medium.json
unchecked_low_level_calls/0x610495793564aed0f9c7fc48dc4c7c9151d34fd6/0x610495793564aed0f9c7fc48dc4c7c9151d34fd6_2round.sol,unchecked_low_level_calls/0x610495793564aed0f9c7fc48dc4c7c9151d34fd6/0x610495793564aed0f9c7fc48dc4c7c9151d34fd6_2round_vulns_Medium.json
unchecked_low_level_calls/0x8fd1e427396ddb511533cf9abdbebd0a7e08da35/0x8fd1e427396ddb511533cf9abdbebd0a7e08da35_4round.sol,unchecked_low_level_calls/0x8fd1e427396ddb511533cf9abdbebd0a7e08da35/0x8fd1e427396ddb511533cf9abdbebd0a7e08da35_4round_vulns_Medium.json
unchecked_low_level_calls/0x4a66ad0bca2d700f11e1f2fc2c106f7d3264504c/0x4a66ad0bca2d700f11e1f2fc2c106f7d3264504c_4round.sol,unchecked_low_level_calls/0x4a66ad0bca2d700f11e1f2fc2c106f7d3264504c/0x4a66ad0bca2d700f11e1f2fc2c106f7d3264504c_4round_vulns_Medium.json
unchecked_low_level_calls/0x4a66ad0bca2d700f11e1f2fc2c106f7d3264504c/0x4a66ad0bca2d700f11e1f2fc2c106f7d3264504c_3round.sol,unchecked_low_level_calls/0x4a66ad0bca2d700f11e1f2fc2c106f7d3264504c/0x4a66ad0bca2d700f11e1f2fc2c106f7d3264504c_3round_vulns_Medium.json
unchecked_low_level_calls/0x4a66ad0bca2d700f11e1f2fc2c106f7d3264504c/0x4a66ad0bca2d700f11e1f2fc2c106f7d3264504c_1round.sol,unchecked_low_level_calls/0x4a66ad0bca2d700f11e1f2fc2c106f7d3264504c/0x4a66ad0bca2d700f11e1f2fc2c106f7d3264504c_1round_vulns_Medium.json
unchecked_low_level_calls/0x4a66ad0bca2d700f11e1f2fc2c106f7d3264504c/0x4a66ad0bca2d700f11e1f2fc2c106f7d3264504c_2round.sol,unchecked_low_level_calls/0x4a66ad0bca2d700f11e1f2fc2c106f7d3264504c/0x4a66ad0bca2d700f11e1f2fc2c106f7d3264504c_2round_vulns_Medium.json
unchecked_low_level_calls/0x5aa88d2901c68fda244f1d0584400368d2c8e739/0x5aa88d2901c68fda244f1d0584400368d2c8e739_4round.sol,unchecked_low_level_calls/0x5aa88d2901c68fda244f1d0584400368d2c8e739/0x5aa88d2901c68fda244f1d0584400368d2c8e739_4round_vulns_Medium.json
unchecked_low_level_calls/0x5aa88d2901c68fda244f1d0584400368d2c8e739/0x5aa88d2901c68fda244f1d0584400368d2c8e739_3round.sol,unchecked_low_level_calls/0x5aa88d2901c68fda244f1d0584400368d2c8e739/0x5aa88d2901c68fda244f1d0584400368d2c8e739_3round_vulns_Medium.json
unchecked_low_level_calls/0x5aa88d2901c68fda244f1d0584400368d2c8e739/0x5aa88d2901c68fda244f1d0584400368d2c8e739_2round.sol,unchecked_low_level_calls/0x5aa88d2901c68fda244f1d0584400368d2c8e739/0x5aa88d2901c68fda244f1d0584400368d2c8e739_2round_vulns_Medium.json
unchecked_low_level_calls/0x5aa88d2901c68fda244f1d0584400368d2c8e739/0x5aa88d2901c68fda244f1d0584400368d2c8e739_1round.sol,unchecked_low_level_calls/0x5aa88d2901c68fda244f1d0584400368d2c8e739/0x5aa88d2901c68fda244f1d0584400368d2c8e739_1round_vulns_Medium.json
unchecked_low_level_calls/0xf2570186500a46986f3139f65afedc2afe4f445d/0xf2570186500a46986f3139f65afedc2afe4f445d_1round.sol,unchecked_low_level_calls/0xf2570186500a46986f3139f65afedc2afe4f445d/0xf2570186500a46986f3139f65afedc2afe4f445d_1round_vulns_Medium.json
unchecked_low_level_calls/0xf2570186500a46986f3139f65afedc2afe4f445d/0xf2570186500a46986f3139f65afedc2afe4f445d_4round.sol,unchecked_low_level_calls/0xf2570186500a46986f3139f65afedc2afe4f445d/0xf2570186500a46986f3139f65afedc2afe4f445d_4round_vulns_Medium.json
unchecked_low_level_calls/0xd5967fed03e85d1cce44cab284695b41bc675b5c/0xd5967fed03e85d1cce44cab284695b41bc675b5c_4round.sol,unchecked_low_level_calls/0xd5967fed03e85d1cce44cab284695b41bc675b5c/0xd5967fed03e85d1cce44cab284695b41bc675b5c_4round_vulns_Medium.json
unchecked_low_level_calls/0xd5967fed03e85d1cce44cab284695b41bc675b5c/0xd5967fed03e85d1cce44cab284695b41bc675b5c_1round.sol,unchecked_low_level_calls/0xd5967fed03e85d1cce44cab284695b41bc675b5c/0xd5967fed03e85d1cce44cab284695b41bc675b5c_1round_vulns_Medium.json
unchecked_low_level_calls/0xd5967fed03e85d1cce44cab284695b41bc675b5c/0xd5967fed03e85d1cce44cab284695b41bc675b5c_2round.sol,unchecked_low_level_calls/0xd5967fed03e85d1cce44cab284695b41bc675b5c/0xd5967fed03e85d1cce44cab284695b41bc675b5c_2round_vulns_Medium.json
unchecked_low_level_calls/0xd5967fed03e85d1cce44cab284695b41bc675b5c/0xd5967fed03e85d1cce44cab284695b41bc675b5c_3round.sol,unchecked_low_level_calls/0xd5967fed03e85d1cce44cab284695b41bc675b5c/0xd5967fed03e85d1cce44cab284695b41bc675b5c_3round_vulns_Medium.json
unchecked_low_level_calls/0x39cfd754c85023648bf003bea2dd498c5612abfa/0x39cfd754c85023648bf003bea2dd498c5612abfa_4round.sol,unchecked_low_level_calls/0x39cfd754c85023648bf003bea2dd498c5612abfa/0x39cfd754c85023648bf003bea2dd498c5612abfa_4round_vulns_Medium.json
unchecked_low_level_calls/0x39cfd754c85023648bf003bea2dd498c5612abfa/0x39cfd754c85023648bf003bea2dd498c5612abfa_2round.sol,unchecked_low_level_calls/0x39cfd754c85023648bf003bea2dd498c5612abfa/0x39cfd754c85023648bf003bea2dd498c5612abfa_2round_vulns_Medium.json
unchecked_low_level_calls/0x39cfd754c85023648bf003bea2dd498c5612abfa/0x39cfd754c85023648bf003bea2dd498c5612abfa_1round.sol,unchecked_low_level_calls/0x39cfd754c85023648bf003bea2dd498c5612abfa/0x39cfd754c85023648bf003bea2dd498c5612abfa_1round_vulns_Medium.json
unchecked_low_level_calls/0x39cfd754c85023648bf003bea2dd498c5612abfa/0x39cfd754c85023648bf003bea2dd498c5612abfa_3round.sol,unchecked_low_level_calls/0x39cfd754c85023648bf003bea2dd498c5612abfa/0x39cfd754c85023648bf003bea2dd498c5612abfa_3round_vulns_Medium.json
unchecked_low_level_calls/0x524960d55174d912768678d8c606b4d50b79d7b1/0x524960d55174d912768678d8c606b4d50b79d7b1_3round.sol,unchecked_low_level_calls/0x524960d55174d912768678d8c606b4d50b79d7b1/0x524960d55174d912768678d8c606b4d50b79d7b1_3round_vulns_Medium.json
unchecked_low_level_calls/0x524960d55174d912768678d8c606b4d50b79d7b1/0x524960d55174d912768678d8c606b4d50b79d7b1_2round.sol,unchecked_low_level_calls/0x524960d55174d912768678d8c606b4d50b79d7b1/0x524960d55174d912768678d8c606b4d50b79d7b1_2round_vulns_Medium.json
unchecked_low_level_calls/0x524960d55174d912768678d8c606b4d50b79d7b1/0x524960d55174d912768678d8c606b4d50b79d7b1_4round.sol,unchecked_low_level_calls/0x524960d55174d912768678d8c606b4d50b79d7b1/0x524960d55174d912768678d8c606b4d50b79d7b1_4round_vulns_Medium.json
unchecked_low_level_calls/0x524960d55174d912768678d8c606b4d50b79d7b1/0x524960d55174d912768678d8c606b4d50b79d7b1_1round.sol,unchecked_low_level_calls/0x524960d55174d912768678d8c606b4d50b79d7b1/0x524960d55174d912768678d8c606b4d50b79d7b1_1round_vulns_Medium.json
unchecked_low_level_calls/0x627fa62ccbb1c1b04ffaecd72a53e37fc0e17839/0x627fa62ccbb1c1b04ffaecd72a53e37fc0e17839_2round.sol,unchecked_low_level_calls/0x627fa62ccbb1c1b04ffaecd72a53e37fc0e17839/0x627fa62ccbb1c1b04ffaecd72a53e37fc0e17839_2round_vulns_Medium.json
unchecked_low_level_calls/0x627fa62ccbb1c1b04ffaecd72a53e37fc0e17839/0x627fa62ccbb1c1b04ffaecd72a53e37fc0e17839_4round.sol,unchecked_low_level_calls/0x627fa62ccbb1c1b04ffaecd72a53e37fc0e17839/0x627fa62ccbb1c1b04ffaecd72a53e37fc0e17839_4round_vulns_Medium.json
unchecked_low_level_calls/0x627fa62ccbb1c1b04ffaecd72a53e37fc0e17839/0x627fa62ccbb1c1b04ffaecd72a53e37fc0e17839_1round.sol,unchecked_low_level_calls/0x627fa62ccbb1c1b04ffaecd72a53e37fc0e17839/0x627fa62ccbb1c1b04ffaecd72a53e37fc0e17839_1round_vulns_Medium.json
unchecked_low_level_calls/0x627fa62ccbb1c1b04ffaecd72a53e37fc0e17839/0x627fa62ccbb1c1b04ffaecd72a53e37fc0e17839_3round.sol,unchecked_low_level_calls/0x627fa62ccbb1c1b04ffaecd72a53e37fc0e17839/0x627fa62ccbb1c1b04ffaecd72a53e37fc0e17839_3round_vulns_Medium.json
unchecked_low_level_calls/0x3e013fc32a54c4c5b6991ba539dcd0ec4355c859/0x3e013fc32a54c4c5b6991ba539dcd0ec4355c859_3round.sol,unchecked_low_level_calls/0x3e013fc32a54c4c5b6991ba539dcd0ec4355c859/0x3e013fc32a54c4c5b6991ba539dcd0ec4355c859_3round_vulns_Medium.json
unchecked_low_level_calls/0x3e013fc32a54c4c5b6991ba539dcd0ec4355c859/0x3e013fc32a54c4c5b6991ba539dcd0ec4355c859_2round.sol,unchecked_low_level_calls/0x3e013fc32a54c4c5b6991ba539dcd0ec4355c859/0x3e013fc32a54c4c5b6991ba539dcd0ec4355c859_2round_vulns_Medium.json
unchecked_low_level_calls/0x3e013fc32a54c4c5b6991ba539dcd0ec4355c859/0x3e013fc32a54c4c5b6991ba539dcd0ec4355c859_4round.sol,unchecked_low_level_calls/0x3e013fc32a54c4c5b6991ba539dcd0ec4355c859/0x3e013fc32a54c4c5b6991ba539dcd0ec4355c859_4round_vulns_Medium.json
unchecked_low_level_calls/0x3e013fc32a54c4c5b6991ba539dcd0ec4355c859/0x3e013fc32a54c4c5b6991ba539dcd0ec4355c859_1round.sol,unchecked_low_level_calls/0x3e013fc32a54c4c5b6991ba539dcd0ec4355c859/0x3e013fc32a54c4c5b6991ba539dcd0ec4355c859_1round_vulns_Medium.json
unchecked_low_level_calls/0xa46edd6a9a93feec36576ee5048146870ea2c3ae/0xa46edd6a9a93feec36576ee5048146870ea2c3ae_1round.sol,unchecked_low_level_calls/0xa46edd6a9a93feec36576ee5048146870ea2c3ae/0xa46edd6a9a93feec36576ee5048146870ea2c3ae_1round_vulns_Medium.json
unchecked_low_level_calls/0xa46edd6a9a93feec36576ee5048146870ea2c3ae/0xa46edd6a9a93feec36576ee5048146870ea2c3ae_3round.sol,unchecked_low_level_calls/0xa46edd6a9a93feec36576ee5048146870ea2c3ae/0xa46edd6a9a93feec36576ee5048146870ea2c3ae_3round_vulns_Medium.json
unchecked_low_level_calls/0xa46edd6a9a93feec36576ee5048146870ea2c3ae/0xa46edd6a9a93feec36576ee5048146870ea2c3ae_2round.sol,unchecked_low_level_calls/0xa46edd6a9a93feec36576ee5048146870ea2c3ae/0xa46edd6a9a93feec36576ee5048146870ea2c3ae_2round_vulns_Medium.json
unchecked_low_level_calls/0xa46edd6a9a93feec36576ee5048146870ea2c3ae/0xa46edd6a9a93feec36576ee5048146870ea2c3ae_4round.sol,unchecked_low_level_calls/0xa46edd6a9a93feec36576ee5048146870ea2c3ae/0xa46edd6a9a93feec36576ee5048146870ea2c3ae_4round_vulns_Medium.json
unchecked_low_level_calls/0x2972d548497286d18e92b5fa1f8f9139e5653fd2/0x2972d548497286d18e92b5fa1f8f9139e5653fd2_2round.sol,unchecked_low_level_calls/0x2972d548497286d18e92b5fa1f8f9139e5653fd2/0x2972d548497286d18e92b5fa1f8f9139e5653fd2_2round_vulns_Medium.json
unchecked_low_level_calls/0x2972d548497286d18e92b5fa1f8f9139e5653fd2/0x2972d548497286d18e92b5fa1f8f9139e5653fd2_1round.sol,unchecked_low_level_calls/0x2972d548497286d18e92b5fa1f8f9139e5653fd2/0x2972d548497286d18e92b5fa1f8f9139e5653fd2_1round_vulns_Medium.json
unchecked_low_level_calls/0x2972d548497286d18e92b5fa1f8f9139e5653fd2/0x2972d548497286d18e92b5fa1f8f9139e5653fd2_3round.sol,unchecked_low_level_calls/0x2972d548497286d18e92b5fa1f8f9139e5653fd2/0x2972d548497286d18e92b5fa1f8f9139e5653fd2_3round_vulns_Medium.json
unchecked_low_level_calls/0x2972d548497286d18e92b5fa1f8f9139e5653fd2/0x2972d548497286d18e92b5fa1f8f9139e5653fd2_4round.sol,unchecked_low_level_calls/0x2972d548497286d18e92b5fa1f8f9139e5653fd2/0x2972d548497286d18e92b5fa1f8f9139e5653fd2_4round_vulns_Medium.json
bad_randomness/old_blockhash/old_blockhash_2round.sol,bad_randomness/old_blockhash/old_blockhash_2round_vulns_Medium.json
bad_randomness/old_blockhash/old_blockhash_1round.sol,bad_randomness/old_blockhash/old_blockhash_1round_vulns_Medium.json
bad_randomness/old_blockhash/old_blockhash_4round.sol,bad_randomness/old_blockhash/old_blockhash_4round_vulns_Medium.json
bad_randomness/old_blockhash/old_blockhash_3round.sol,bad_randomness/old_blockhash/old_blockhash_3round_vulns_Medium.json
bad_randomness/etheraffle/etheraffle_1round.sol,bad_randomness/etheraffle/etheraffle_1round_vulns_Medium.json
bad_randomness/etheraffle/etheraffle_4round.sol,bad_randomness/etheraffle/etheraffle_4round_vulns_Medium.json
bad_randomness/etheraffle/etheraffle_2round.sol,bad_randomness/etheraffle/etheraffle_2round_vulns_Medium.json
arithmetic/timelock/timelock_4round.sol,arithmetic/timelock/timelock_4round_vulns_Medium.json
arithmetic/timelock/timelock_1round.sol,arithmetic/timelock/timelock_1round_vulns_Medium.json
arithmetic/timelock/timelock_3round.sol,arithmetic/timelock/timelock_3round_vulns_Medium.json
arithmetic/timelock/timelock_2round.sol,arithmetic/timelock/timelock_2round_vulns_Medium.json
arithmetic/integer_overflow_add/integer_overflow_add_3round.sol,arithmetic/integer_overflow_add/integer_overflow_add_3round_vulns_Medium.json
arithmetic/integer_overflow_add/integer_overflow_add_4round.sol,arithmetic/integer_overflow_add/integer_overflow_add_4round_vulns_Medium.json
arithmetic/integer_overflow_add/integer_overflow_add_1round.sol,arithmetic/integer_overflow_add/integer_overflow_add_1round_vulns_Medium.json
arithmetic/integer_overflow_add/integer_overflow_add_2round.sol,arithmetic/integer_overflow_add/integer_overflow_add_2round_vulns_Medium.json
arithmetic/tokensalechallenge/tokensalechallenge_3round.sol,arithmetic/tokensalechallenge/tokensalechallenge_3round_vulns_Medium.json
arithmetic/tokensalechallenge/tokensalechallenge_1round.sol,arithmetic/tokensalechallenge/tokensalechallenge_1round_vulns_Medium.json
arithmetic/tokensalechallenge/tokensalechallenge_2round.sol,arithmetic/tokensalechallenge/tokensalechallenge_2round_vulns_Medium.json
arithmetic/tokensalechallenge/tokensalechallenge_4round.sol,arithmetic/tokensalechallenge/tokensalechallenge_4round_vulns_Medium.json
arithmetic/integer_overflow_mul/integer_overflow_mul_1round.sol,arithmetic/integer_overflow_mul/integer_overflow_mul_1round_vulns_Medium.json
arithmetic/integer_overflow_mul/integer_overflow_mul_4round.sol,arithmetic/integer_overflow_mul/integer_overflow_mul_4round_vulns_Medium.json
arithmetic/integer_overflow_mul/integer_overflow_mul_2round.sol,arithmetic/integer_overflow_mul/integer_overflow_mul_2round_vulns_Medium.json
arithmetic/integer_overflow_mul/integer_overflow_mul_3round.sol,arithmetic/integer_overflow_mul/integer_overflow_mul_3round_vulns_Medium.json
arithmetic/token/token_4round.sol,arithmetic/token/token_4round_vulns_Medium.json
arithmetic/token/token_3round.sol,arithmetic/token/token_3round_vulns_Medium.json
arithmetic/token/token_2round.sol,arithmetic/token/token_2round_vulns_Medium.json
arithmetic/token/token_1round.sol,arithmetic/token/token_1round_vulns_Medium.json
arithmetic/integer_overflow_multitx_onefunc_feasible/integer_overflow_multitx_onefunc_feasible_1round.sol,arithmetic/integer_overflow_multitx_onefunc_feasible/integer_overflow_multitx_onefunc_feasible_1round_vulns_Medium.json
arithmetic/integer_overflow_multitx_onefunc_feasible/integer_overflow_multitx_onefunc_feasible_3round.sol,arithmetic/integer_overflow_multitx_onefunc_feasible/integer_overflow_multitx_onefunc_feasible_3round_vulns_Medium.json
arithmetic/integer_overflow_multitx_onefunc_feasible/integer_overflow_multitx_onefunc_feasible_4round.sol,arithmetic/integer_overflow_multitx_onefunc_feasible/integer_overflow_multitx_onefunc_feasible_4round_vulns_Medium.json
arithmetic/integer_overflow_multitx_onefunc_feasible/integer_overflow_multitx_onefunc_feasible_2round.sol,arithmetic/integer_overflow_multitx_onefunc_feasible/integer_overflow_multitx_onefunc_feasible_2round_vulns_Medium.json
arithmetic/overflow_simple_add/overflow_simple_add_4round.sol,arithmetic/overflow_simple_add/overflow_simple_add_4round_vulns_Medium.json
arithmetic/overflow_simple_add/overflow_simple_add_3round.sol,arithmetic/overflow_simple_add/overflow_simple_add_3round_vulns_Medium.json
arithmetic/overflow_simple_add/overflow_simple_add_1round.sol,arithmetic/overflow_simple_add/overflow_simple_add_1round_vulns_Medium.json
arithmetic/overflow_simple_add/overflow_simple_add_2round.sol,arithmetic/overflow_simple_add/overflow_simple_add_2round_vulns_Medium.json
arithmetic/integer_overflow_benign_1/integer_overflow_benign_1_1round.sol,arithmetic/integer_overflow_benign_1/integer_overflow_benign_1_1round_vulns_Medium.json
arithmetic/integer_overflow_benign_1/integer_overflow_benign_1_3round.sol,arithmetic/integer_overflow_benign_1/integer_overflow_benign_1_3round_vulns_Medium.json
arithmetic/integer_overflow_benign_1/integer_overflow_benign_1_4round.sol,arithmetic/integer_overflow_benign_1/integer_overflow_benign_1_4round_vulns_Medium.json
arithmetic/integer_overflow_benign_1/integer_overflow_benign_1_2round.sol,arithmetic/integer_overflow_benign_1/integer_overflow_benign_1_2round_vulns_Medium.json
arithmetic/integer_overflow_1/integer_overflow_1_2round.sol,arithmetic/integer_overflow_1/integer_overflow_1_2round_vulns_Medium.json
arithmetic/BECToken/BECToken_4round.sol,arithmetic/BECToken/BECToken_4round_vulns_Medium.json
arithmetic/BECToken/BECToken_1round.sol,arithmetic/BECToken/BECToken_1round_vulns_Medium.json
arithmetic/BECToken/BECToken_3round.sol,arithmetic/BECToken/BECToken_3round_vulns_Medium.json
arithmetic/BECToken/BECToken_2round.sol,arithmetic/BECToken/BECToken_2round_vulns_Medium.json
arithmetic/integer_overflow_mapping_sym_1/integer_overflow_mapping_sym_1_4round.sol,arithmetic/integer_overflow_mapping_sym_1/integer_overflow_mapping_sym_1_4round_vulns_Medium.json
arithmetic/integer_overflow_mapping_sym_1/integer_overflow_mapping_sym_1_1round.sol,arithmetic/integer_overflow_mapping_sym_1/integer_overflow_mapping_sym_1_1round_vulns_Medium.json
arithmetic/integer_overflow_mapping_sym_1/integer_overflow_mapping_sym_1_2round.sol,arithmetic/integer_overflow_mapping_sym_1/integer_overflow_mapping_sym_1_2round_vulns_Medium.json
arithmetic/integer_overflow_mapping_sym_1/integer_overflow_mapping_sym_1_3round.sol,arithmetic/integer_overflow_mapping_sym_1/integer_overflow_mapping_sym_1_3round_vulns_Medium.json
arithmetic/integer_overflow_minimal/integer_overflow_minimal_3round.sol,arithmetic/integer_overflow_minimal/integer_overflow_minimal_3round_vulns_Medium.json
arithmetic/integer_overflow_minimal/integer_overflow_minimal_1round.sol,arithmetic/integer_overflow_minimal/integer_overflow_minimal_1round_vulns_Medium.json
arithmetic/integer_overflow_minimal/integer_overflow_minimal_4round.sol,arithmetic/integer_overflow_minimal/integer_overflow_minimal_4round_vulns_Medium.json
arithmetic/integer_overflow_minimal/integer_overflow_minimal_2round.sol,arithmetic/integer_overflow_minimal/integer_overflow_minimal_2round_vulns_Medium.json
arithmetic/integer_overflow_multitx_multifunc_feasible/integer_overflow_multitx_multifunc_feasible_1round.sol,arithmetic/integer_overflow_multitx_multifunc_feasible/integer_overflow_multitx_multifunc_feasible_1round_vulns_Medium.json
arithmetic/integer_overflow_multitx_multifunc_feasible/integer_overflow_multitx_multifunc_feasible_2round.sol,arithmetic/integer_overflow_multitx_multifunc_feasible/integer_overflow_multitx_multifunc_feasible_2round_vulns_Medium.json
arithmetic/integer_overflow_multitx_multifunc_feasible/integer_overflow_multitx_multifunc_feasible_3round.sol,arithmetic/integer_overflow_multitx_multifunc_feasible/integer_overflow_multitx_multifunc_feasible_3round_vulns_Medium.json
arithmetic/integer_overflow_multitx_multifunc_feasible/integer_overflow_multitx_multifunc_feasible_4round.sol,arithmetic/integer_overflow_multitx_multifunc_feasible/integer_overflow_multitx_multifunc_feasible_4round_vulns_Medium.json
denial_of_service/dos_number/dos_number_1round.sol,denial_of_service/dos_number/dos_number_1round_vulns_Medium.json
denial_of_service/dos_number/dos_number_4round.sol,denial_of_service/dos_number/dos_number_4round_vulns_Medium.json
denial_of_service/dos_address/dos_address_3round.sol,denial_of_service/dos_address/dos_address_3round_vulns_Medium.json
denial_of_service/dos_address/dos_address_2round.sol,denial_of_service/dos_address/dos_address_2round_vulns_Medium.json
denial_of_service/dos_address/dos_address_4round.sol,denial_of_service/dos_address/dos_address_4round_vulns_Medium.json
denial_of_service/dos_address/dos_address_1round.sol,denial_of_service/dos_address/dos_address_1round_vulns_Medium.json
denial_of_service/auction/auction_4round.sol,denial_of_service/auction/auction_4round_vulns_Medium.json
denial_of_service/auction/auction_1round.sol,denial_of_service/auction/auction_1round_vulns_Medium.json
denial_of_service/auction/auction_3round.sol,denial_of_service/auction/auction_3round_vulns_Medium.json
denial_of_service/auction/auction_2round.sol,denial_of_service/auction/auction_2round_vulns_Medium.json
denial_of_service/dos_simple/dos_simple_4round.sol,denial_of_service/dos_simple/dos_simple_4round_vulns_Medium.json
denial_of_service/dos_simple/dos_simple_2round.sol,denial_of_service/dos_simple/dos_simple_2round_vulns_Medium.json
denial_of_service/dos_simple/dos_simple_1round.sol,denial_of_service/dos_simple/dos_simple_1round_vulns_Medium.json
reentrancy/etherbank/etherbank_3round.sol,reentrancy/etherbank/etherbank_3round_vulns_Medium.json
reentrancy/etherbank/etherbank_4round.sol,reentrancy/etherbank/etherbank_4round_vulns_Medium.json
reentrancy/etherbank/etherbank_2round.sol,reentrancy/etherbank/etherbank_2round_vulns_Medium.json
reentrancy/etherbank/etherbank_1round.sol,reentrancy/etherbank/etherbank_1round_vulns_Medium.json
reentrancy/simple_dao/simple_dao_3round.sol,reentrancy/simple_dao/simple_dao_3round_vulns_Medium.json
reentrancy/simple_dao/simple_dao_2round.sol,reentrancy/simple_dao/simple_dao_2round_vulns_Medium.json
reentrancy/simple_dao/simple_dao_1round.sol,reentrancy/simple_dao/simple_dao_1round_vulns_Medium.json
reentrancy/simple_dao/simple_dao_4round.sol,reentrancy/simple_dao/simple_dao_4round_vulns_Medium.json
reentrancy/spank_chain_payment/spank_chain_payment_3round.sol,reentrancy/spank_chain_payment/spank_chain_payment_3round_vulns_Medium.json
reentrancy/etherstore/etherstore_3round.sol,reentrancy/etherstore/etherstore_3round_vulns_Medium.json
reentrancy/etherstore/etherstore_1round.sol,reentrancy/etherstore/etherstore_1round_vulns_Medium.json
reentrancy/reentrance/reentrance_4round.sol,reentrancy/reentrance/reentrance_4round_vulns_Medium.json
reentrancy/reentrance/reentrance_3round.sol,reentrancy/reentrance/reentrance_3round_vulns_Medium.json
reentrancy/reentrance/reentrance_1round.sol,reentrancy/reentrance/reentrance_1round_vulns_Medium.json
reentrancy/reentrance/reentrance_2round.sol,reentrancy/reentrance/reentrance_2round_vulns_Medium.json
reentrancy/reentrancy_dao/reentrancy_dao_1round.sol,reentrancy/reentrancy_dao/reentrancy_dao_1round_vulns_Medium.json
reentrancy/reentrancy_dao/reentrancy_dao_2round.sol,reentrancy/reentrancy_dao/reentrancy_dao_2round_vulns_Medium.json
reentrancy/reentrancy_dao/reentrancy_dao_4round.sol,reentrancy/reentrancy_dao/reentrancy_dao_4round_vulns_Medium.json
reentrancy/reentrancy_dao/reentrancy_dao_3round.sol,reentrancy/reentrancy_dao/reentrancy_dao_3round_vulns_Medium.json
reentrancy/0x627fa62ccbb1c1b04ffaecd72a53e37fc0e17839/0x627fa62ccbb1c1b04ffaecd72a53e37fc0e17839_2round.sol,reentrancy/0x627fa62ccbb1c1b04ffaecd72a53e37fc0e17839/0x627fa62ccbb1c1b04ffaecd72a53e37fc0e17839_2round_vulns_Medium.json
reentrancy/0x627fa62ccbb1c1b04ffaecd72a53e37fc0e17839/0x627fa62ccbb1c1b04ffaecd72a53e37fc0e17839_4round.sol,reentrancy/0x627fa62ccbb1c1b04ffaecd72a53e37fc0e17839/0x627fa62ccbb1c1b04ffaecd72a53e37fc0e17839_4round_vulns_Medium.json
reentrancy/0x627fa62ccbb1c1b04ffaecd72a53e37fc0e17839/0x627fa62ccbb1c1b04ffaecd72a53e37fc0e17839_1round.sol,reentrancy/0x627fa62ccbb1c1b04ffaecd72a53e37fc0e17839/0x627fa62ccbb1c1b04ffaecd72a53e37fc0e17839_1round_vulns_Medium.json
reentrancy/0x627fa62ccbb1c1b04ffaecd72a53e37fc0e17839/0x627fa62ccbb1c1b04ffaecd72a53e37fc0e17839_3round.sol,reentrancy/0x627fa62ccbb1c1b04ffaecd72a53e37fc0e17839/0x627fa62ccbb1c1b04ffaecd72a53e37fc0e17839_3round_vulns_Medium.json
short_addresses/short_address_example/short_address_example_3round.sol,short_addresses/short_address_example/short_address_example_3round_vulns_Medium.json
short_addresses/short_address_example/short_address_example_4round.sol,short_addresses/short_address_example/short_address_example_4round_vulns_Medium.json
short_addresses/short_address_example/short_address_example_2round.sol,short_addresses/short_address_example/short_address_example_2round_vulns_Medium.json
short_addresses/short_address_example/short_address_example_1round.sol,short_addresses/short_address_example/short_address_example_1round_vulns_Medium.json
front_running/ERC20/ERC20_4round.sol,front_running/ERC20/ERC20_4round_vulns_Medium.json
front_running/ERC20/ERC20_1round.sol,front_running/ERC20/ERC20_1round_vulns_Medium.json
front_running/ERC20/ERC20_2round.sol,front_running/ERC20/ERC20_2round_vulns_Medium.json
front_running/eth_tx_order_dependence_minimal/eth_tx_order_dependence_minimal_4round.sol,front_running/eth_tx_order_dependence_minimal/eth_tx_order_dependence_minimal_4round_vulns_Medium.json
front_running/eth_tx_order_dependence_minimal/eth_tx_order_dependence_minimal_3round.sol,front_running/eth_tx_order_dependence_minimal/eth_tx_order_dependence_minimal_3round_vulns_Medium.json
front_running/eth_tx_order_dependence_minimal/eth_tx_order_dependence_minimal_2round.sol,front_running/eth_tx_order_dependence_minimal/eth_tx_order_dependence_minimal_2round_vulns_Medium.json
front_running/eth_tx_order_dependence_minimal/eth_tx_order_dependence_minimal_1round.sol,front_running/eth_tx_order_dependence_minimal/eth_tx_order_dependence_minimal_1round_vulns_Medium.json
access_control/incorrect_constructor_name3/incorrect_constructor_name3_4round.sol,access_control/incorrect_constructor_name3/incorrect_constructor_name3_4round_vulns_Medium.json
access_control/incorrect_constructor_name3/incorrect_constructor_name3_1round.sol,access_control/incorrect_constructor_name3/incorrect_constructor_name3_1round_vulns_Medium.json
access_control/phishable/phishable_3round.sol,access_control/phishable/phishable_3round_vulns_Medium.json
access_control/phishable/phishable_1round.sol,access_control/phishable/phishable_1round_vulns_Medium.json
access_control/phishable/phishable_4round.sol,access_control/phishable/phishable_4round_vulns_Medium.json
access_control/phishable/phishable_2round.sol,access_control/phishable/phishable_2round_vulns_Medium.json
access_control/proxy/proxy_1round.sol,access_control/proxy/proxy_1round_vulns_Medium.json
access_control/proxy/proxy_4round.sol,access_control/proxy/proxy_4round_vulns_Medium.json
access_control/proxy/proxy_3round.sol,access_control/proxy/proxy_3round_vulns_Medium.json
access_control/proxy/proxy_2round.sol,access_control/proxy/proxy_2round_vulns_Medium.json
access_control/incorrect_constructor_name2/incorrect_constructor_name2_3round.sol,access_control/incorrect_constructor_name2/incorrect_constructor_name2_3round_vulns_Medium.json
access_control/incorrect_constructor_name2/incorrect_constructor_name2_2round.sol,access_control/incorrect_constructor_name2/incorrect_constructor_name2_2round_vulns_Medium.json
access_control/incorrect_constructor_name2/incorrect_constructor_name2_1round.sol,access_control/incorrect_constructor_name2/incorrect_constructor_name2_1round_vulns_Medium.json
access_control/incorrect_constructor_name2/incorrect_constructor_name2_4round.sol,access_control/incorrect_constructor_name2/incorrect_constructor_name2_4round_vulns_Medium.json
access_control/wallet_04_confused_sign/wallet_04_confused_sign_2round.sol,access_control/wallet_04_confused_sign/wallet_04_confused_sign_2round_vulns_Medium.json
access_control/wallet_04_confused_sign/wallet_04_confused_sign_3round.sol,access_control/wallet_04_confused_sign/wallet_04_confused_sign_3round_vulns_Medium.json
access_control/wallet_04_confused_sign/wallet_04_confused_sign_1round.sol,access_control/wallet_04_confused_sign/wallet_04_confused_sign_1round_vulns_Medium.json
access_control/wallet_04_confused_sign/wallet_04_confused_sign_4round.sol,access_control/wallet_04_confused_sign/wallet_04_confused_sign_4round_vulns_Medium.json
access_control/wallet_02_refund_nosub/wallet_02_refund_nosub_3round.sol,access_control/wallet_02_refund_nosub/wallet_02_refund_nosub_3round_vulns_Medium.json
access_control/wallet_02_refund_nosub/wallet_02_refund_nosub_4round.sol,access_control/wallet_02_refund_nosub/wallet_02_refund_nosub_4round_vulns_Medium.json
access_control/wallet_02_refund_nosub/wallet_02_refund_nosub_2round.sol,access_control/wallet_02_refund_nosub/wallet_02_refund_nosub_2round_vulns_Medium.json
access_control/wallet_02_refund_nosub/wallet_02_refund_nosub_1round.sol,access_control/wallet_02_refund_nosub/wallet_02_refund_nosub_1round_vulns_Medium.json
access_control/simple_suicide/simple_suicide_3round.sol,access_control/simple_suicide/simple_suicide_3round_vulns_Medium.json
access_control/simple_suicide/simple_suicide_1round.sol,access_control/simple_suicide/simple_suicide_1round_vulns_Medium.json
access_control/simple_suicide/simple_suicide_2round.sol,access_control/simple_suicide/simple_suicide_2round_vulns_Medium.json
access_control/simple_suicide/simple_suicide_4round.sol,access_control/simple_suicide/simple_suicide_4round_vulns_Medium.json
access_control/incorrect_constructor_name1/incorrect_constructor_name1_2round.sol,access_control/incorrect_constructor_name1/incorrect_constructor_name1_2round_vulns_Medium.json
access_control/incorrect_constructor_name1/incorrect_constructor_name1_1round.sol,access_control/incorrect_constructor_name1/incorrect_constructor_name1_1round_vulns_Medium.json
access_control/incorrect_constructor_name1/incorrect_constructor_name1_4round.sol,access_control/incorrect_constructor_name1/incorrect_constructor_name1_4round_vulns_Medium.json
access_control/incorrect_constructor_name1/incorrect_constructor_name1_3round.sol,access_control/incorrect_constructor_name1/incorrect_constructor_name1_3round_vulns_Medium.json
access_control/multiowned_vulnerable/multiowned_vulnerable_3round.sol,access_control/multiowned_vulnerable/multiowned_vulnerable_3round_vulns_Medium.json
access_control/multiowned_vulnerable/multiowned_vulnerable_4round.sol,access_control/multiowned_vulnerable/multiowned_vulnerable_4round_vulns_Medium.json
access_control/multiowned_vulnerable/multiowned_vulnerable_1round.sol,access_control/multiowned_vulnerable/multiowned_vulnerable_1round_vulns_Medium.json
access_control/multiowned_vulnerable/multiowned_vulnerable_2round.sol,access_control/multiowned_vulnerable/multiowned_vulnerable_2round_vulns_Medium.json
access_control/mapping_write/mapping_write_1round.sol,access_control/mapping_write/mapping_write_1round_vulns_Medium.json
access_control/mapping_write/mapping_write_4round.sol,access_control/mapping_write/mapping_write_4round_vulns_Medium.json
access_control/mapping_write/mapping_write_3round.sol,access_control/mapping_write/mapping_write_3round_vulns_Medium.json
access_control/mapping_write/mapping_write_2round.sol,access_control/mapping_write/mapping_write_2round_vulns_Medium.json
access_control/mycontract/mycontract_1round.sol,access_control/mycontract/mycontract_1round_vulns_Medium.json
access_control/mycontract/mycontract_4round.sol,access_control/mycontract/mycontract_4round_vulns_Medium.json
access_control/mycontract/mycontract_2round.sol,access_control/mycontract/mycontract_2round_vulns_Medium.json
access_control/mycontract/mycontract_3round.sol,access_control/mycontract/mycontract_3round_vulns_Medium.json
access_control/unprotected0/unprotected0_2round.sol,access_control/unprotected0/unprotected0_2round_vulns_Medium.json
access_control/unprotected0/unprotected0_1round.sol,access_control/unprotected0/unprotected0_1round_vulns_Medium.json
access_control/unprotected0/unprotected0_3round.sol,access_control/unprotected0/unprotected0_3round_vulns_Medium.json
access_control/unprotected0/unprotected0_4round.sol,access_control/unprotected0/unprotected0_4round_vulns_Medium.json
